id_municipio,id,municipio_nome,unidade
3500105,1,Adamantina,URAE 1 - Sudeste
3500204,2,Adolfo,URAE 1 - Sudeste
3500303,3,Aguaí,URAE 1 - Sudeste
3500402,4,Águas da Prata,URAE 1 - Sudeste
3500501,1,Águas de Lindóia,URAE 4 - Norte
3500550,1,Águas de Santa Bárbara,URAE 2 - Centro
3500600,5,Águas de São Pedro,URAE 1 - Sudeste
3500709,6,Agudos,URAE 1 - Sudeste
3500758,7,Alambari,URAE 1 - Sudeste
3500808,8,Alfredo Marcondes,URAE 1 - Sudeste
3500907,9,Altair,URAE 1 - Sudeste
3501004,2,Altinópolis,URAE 4 - Norte
3501103,10,Alto Alegre,URAE 1 - Sudeste
3501152,11,Alumínio,URAE 1 - Sudeste
3501202,3,Álvares Florence,URAE 4 - Norte
3501301,12,Álvares Machado,URAE 1 - Sudeste
3501400,13,Álvaro de Carvalho,URAE 1 - Sudeste
3501509,14,Alvinlândia,URAE 1 - Sudeste
3501608,1,Americana,URAE 3 - Leste
3501707,4,Américo Brasiliense,URAE 4 - Norte
3501806,5,Américo de Campos,URAE 4 - Norte
3501905,2,Amparo,URAE 3 - Leste
3502002,2,Analândia,URAE 2 - Centro
3502101,6,Andradina,URAE 4 - Norte
3502200,15,Angatuba,URAE 1 - Sudeste
3502309,16,Anhembi,URAE 1 - Sudeste
3502408,17,Anhumas,URAE 1 - Sudeste
3502507,3,Aparecida,URAE 3 - Leste
3502606,18,Aparecida d’Oeste,URAE 1 - Sudeste
3502705,19,Apiaí,URAE 1 - Sudeste
3502754,20,Araçariguama,URAE 1 - Sudeste
3502804,7,Araçatuba,URAE 4 - Norte
3502903,3,Araçoiaba da Serra,URAE 2 - Centro
3503000,8,Aramina,URAE 4 - Norte
3503109,21,Arandu,URAE 1 - Sudeste
3503158,22,Arapeí,URAE 1 - Sudeste
3503208,4,Araraquara,URAE 2 - Centro
3503307,5,Araras,URAE 2 - Centro
3503356,23,Arco-Íris,URAE 1 - Sudeste
3503406,24,Arealva,URAE 1 - Sudeste
3503505,4,Areias,URAE 3 - Leste
3503604,25,Areiópolis,URAE 1 - Sudeste
3503703,9,Ariranha,URAE 4 - Norte
3503802,5,Artur Nogueira,URAE 3 - Leste
3503901,26,Arujá,URAE 1 - Sudeste
3503950,27,Aspásia,URAE 1 - Sudeste
3504008,28,Assis,URAE 1 - Sudeste
3504107,6,Atibaia,URAE 3 - Leste
3504206,29,Auriflama,URAE 1 - Sudeste
3504305,30,Avaí,URAE 1 - Sudeste
3504404,10,Avanhandava,URAE 4 - Norte
3504503,31,Avaré,URAE 1 - Sudeste
3504602,11,Bady Bassitt,URAE 4 - Norte
3504701,32,Balbinos,URAE 1 - Sudeste
3504800,12,Bálsamo,URAE 4 - Norte
3504909,33,Bananal,URAE 1 - Sudeste
3505005,34,Barão de Antonina,URAE 1 - Sudeste
3505104,13,Barbosa,URAE 4 - Norte
3505203,6,Bariri,URAE 2 - Centro
3505302,7,Barra Bonita,URAE 2 - Centro
3505351,35,Barra do Chapéu,URAE 1 - Sudeste
3505401,36,Barra do Turvo,URAE 1 - Sudeste
3505500,14,Barretos,URAE 4 - Norte
3505609,15,Barrinha,URAE 4 - Norte
3505708,37,Barueri,URAE 1 - Sudeste
3505807,38,Bastos,URAE 1 - Sudeste
3505906,16,Batatais,URAE 4 - Norte
3506003,8,Bauru,URAE 2 - Centro
3506102,17,Bebedouro,URAE 4 - Norte
3506201,39,Bento de Abreu,URAE 1 - Sudeste
3506300,40,Bernardino de Campos,URAE 1 - Sudeste
3506359,41,Bertioga,URAE 1 - Sudeste
3506409,18,Bilac,URAE 4 - Norte
3506508,19,Birigui,URAE 4 - Norte
3506607,42,Biritiba-Mirim,URAE 1 - Sudeste
3506706,9,Boa Esperança do Sul,URAE 2 - Centro
3506805,43,Bocaina,URAE 1 - Sudeste
3506904,10,Bofete,URAE 2 - Centro
3507001,44,Boituva,URAE 1 - Sudeste
3507100,7,Bom Jesus dos Perdões,URAE 3 - Leste
3507159,45,Bom Sucesso de Itararé,URAE 1 - Sudeste
3507209,46,Borá,URAE 1 - Sudeste
3507308,47,Boracéia,URAE 1 - Sudeste
3507407,20,Borborema,URAE 4 - Norte
3507456,11,Borebi,URAE 2 - Centro
3507506,48,Botucatu,URAE 1 - Sudeste
3507605,49,Bragança Paulista,URAE 1 - Sudeste
3507704,21,Braúna,URAE 4 - Norte
3507753,50,Brejo Alegre,URAE 1 - Sudeste
3507803,22,Brodowski,URAE 4 - Norte
3507902,12,Brotas,URAE 2 - Centro
3508009,51,Buri,URAE 1 - Sudeste
3508108,23,Buritama,URAE 4 - Norte
3508207,52,Buritizal,URAE 1 - Sudeste
3508306,13,Cabrália Paulista,URAE 2 - Centro
3508405,53,Cabreúva,URAE 1 - Sudeste
3508504,54,Caçapava,URAE 1 - Sudeste
3508603,55,Cachoeira Paulista,URAE 1 - Sudeste
3508702,24,Caconde,URAE 4 - Norte
3508801,25,Cafelândia,URAE 4 - Norte
3508900,56,Caiabu,URAE 1 - Sudeste
3509007,57,Caieiras,URAE 1 - Sudeste
3509106,14,Caiuá,URAE 2 - Centro
3509205,58,Cajamar,URAE 1 - Sudeste
3509254,59,Cajati,URAE 1 - Sudeste
3509304,26,Cajobi,URAE 4 - Norte
3509403,60,Cajuru,URAE 1 - Sudeste
3509452,61,Campina do Monte Alegre,URAE 1 - Sudeste
3509502,8,Campinas,URAE 3 - Leste
3509601,62,Campo Limpo Paulista,URAE 1 - Sudeste
3509700,63,Campos do Jordão,URAE 1 - Sudeste
3509809,15,Campos Novos Paulista,URAE 2 - Centro
3509908,64,Cananéia,URAE 1 - Sudeste
3509957,65,Canas,URAE 1 - Sudeste
3510005,16,Cândido Mota,URAE 2 - Centro
3510104,66,Cândido Rodrigues,URAE 1 - Sudeste
3510153,17,Canitar,URAE 2 - Centro
3510203,67,Capão Bonito,URAE 1 - Sudeste
3510302,68,Capela do Alto,URAE 1 - Sudeste
3510401,18,Capivari,URAE 2 - Centro
3510500,69,Caraguatatuba,URAE 1 - Sudeste
3510609,70,Carapicuíba,URAE 1 - Sudeste
3510708,71,Cardoso,URAE 1 - Sudeste
3510807,27,Casa Branca,URAE 4 - Norte
3510906,72,Cássia dos Coqueiros,URAE 1 - Sudeste
3511003,28,Castilho,URAE 4 - Norte
3511102,29,Catanduva,URAE 4 - Norte
3511201,73,Catiguá,URAE 1 - Sudeste
3511300,30,Cedral,URAE 4 - Norte
3511409,19,Cerqueira César,URAE 2 - Centro
3511508,20,Cerquilho,URAE 2 - Centro
3511607,74,Cesário Lange,URAE 1 - Sudeste
3511706,75,Charqueada,URAE 1 - Sudeste
3557204,21,Chavantes,URAE 2 - Centro
3511904,22,Clementina,URAE 2 - Centro
3512001,31,Colina,URAE 4 - Norte
3512100,76,Colômbia,URAE 1 - Sudeste
3512209,23,Conchal,URAE 2 - Centro
3512308,77,Conchas,URAE 1 - Sudeste
3512407,24,Cordeirópolis,URAE 2 - Centro
3512506,78,Coroados,URAE 1 - Sudeste
3512605,79,Coronel Macedo,URAE 1 - Sudeste
3512704,25,Corumbataí,URAE 2 - Centro
3512803,9,Cosmópolis,URAE 3 - Leste
3512902,32,Cosmorama,URAE 4 - Norte
3513009,80,Cotia,URAE 1 - Sudeste
3513108,33,Cravinhos,URAE 4 - Norte
3513207,34,Cristais Paulista,URAE 4 - Norte
3513306,81,Cruzália,URAE 1 - Sudeste
3513405,10,Cruzeiro,URAE 3 - Leste
3513504,82,Cubatão,URAE 1 - Sudeste
3513603,11,Cunha,URAE 3 - Leste
3513702,35,Descalvado,URAE 4 - Norte
3513801,83,Diadema,URAE 1 - Sudeste
3513850,84,Dirce Reis,URAE 1 - Sudeste
3513900,85,Divinolândia,URAE 1 - Sudeste
3514007,36,Dobrada,URAE 4 - Norte
3514106,26,Dois Córregos,URAE 2 - Centro
3514205,86,Dolcinópolis,URAE 1 - Sudeste
3514304,27,Dourado,URAE 2 - Centro
3514403,28,Dracena,URAE 2 - Centro
3514502,87,Duartina,URAE 1 - Sudeste
3514601,37,Dumont,URAE 4 - Norte
3514700,88,Echaporã,URAE 1 - Sudeste
3514809,89,Eldorado,URAE 1 - Sudeste
3514908,90,Elias Fausto,URAE 1 - Sudeste
3514924,38,Elisiário,URAE 4 - Norte
3514957,39,Embaúba,URAE 4 - Norte
3515004,91,Embu das Artes,URAE 1 - Sudeste
3515103,92,Embu-Guaçu,URAE 1 - Sudeste
3515129,93,Emilianópolis,URAE 1 - Sudeste
3515152,12,Engenheiro Coelho,URAE 3 - Leste
3515186,94,Espírito Santo do Pinhal,URAE 1 - Sudeste
3515194,95,Espírito Santo do Turvo,URAE 1 - Sudeste
3557303,40,Estiva Gerbi,URAE 4 - Norte
3515202,96,Estrela d’Oeste,URAE 1 - Sudeste
3515301,97,Estrela do Norte,URAE 1 - Sudeste
3515350,98,Euclides da Cunha Paulista,URAE 1 - Sudeste
3515400,99,Fartura,URAE 1 - Sudeste
3515608,101,Fernando Prestes,URAE 1 - Sudeste
3515509,100,Fernandópolis,URAE 1 - Sudeste
3515657,102,Fernão,URAE 1 - Sudeste
3515707,103,Ferraz de Vasconcelos,URAE 1 - Sudeste
3515806,104,Flora Rica,URAE 1 - Sudeste
3515905,105,Floreal,URAE 1 - Sudeste
3516002,106,Flórida Paulista,URAE 1 - Sudeste
3516101,107,Florínea,URAE 1 - Sudeste
3516200,108,Franca,URAE 1 - Sudeste
3516309,109,Francisco Morato,URAE 1 - Sudeste
3516408,110,Franco da Rocha,URAE 1 - Sudeste
3516507,111,Gabriel Monteiro,URAE 1 - Sudeste
3516606,112,Gália,URAE 1 - Sudeste
3516705,29,Garça,URAE 2 - Centro
3516804,113,Gastão Vidigal,URAE 1 - Sudeste
3516853,30,Gavião Peixoto,URAE 2 - Centro
3516903,114,General Salgado,URAE 1 - Sudeste
3517000,31,Getulina,URAE 2 - Centro
3517109,115,Glicério,URAE 1 - Sudeste
3517208,41,Guaiçara,URAE 4 - Norte
3517307,32,Guaimbê,URAE 2 - Centro
3517406,42,Guaíra,URAE 4 - Norte
3517505,43,Guapiaçu,URAE 4 - Norte
3517604,116,Guapiara,URAE 1 - Sudeste
3517703,44,Guará,URAE 4 - Norte
3517802,45,Guaraçaí,URAE 4 - Norte
3517901,46,Guaraci,URAE 4 - Norte
3518008,117,Guarani d’Oeste,URAE 1 - Sudeste
3518107,47,Guarantã,URAE 4 - Norte
3518206,48,Guararapes,URAE 4 - Norte
3518305,118,Guararema,URAE 1 - Sudeste
3518404,13,Guaratinguetá,URAE 3 - Leste
3518503,119,Guareí,URAE 1 - Sudeste
3518602,120,Guariba,URAE 1 - Sudeste
3518701,121,Guarujá,URAE 1 - Sudeste
3518800,122,Guarulhos,URAE 1 - Sudeste
3518859,49,Guatapará,URAE 4 - Norte
3518909,123,Guzolândia,URAE 1 - Sudeste
3519006,33,Herculândia,URAE 2 - Centro
3519055,14,Holambra,URAE 3 - Leste
3519071,124,Hortolândia,URAE 1 - Sudeste
3519105,34,Iacanga,URAE 2 - Centro
3519204,125,Iacri,URAE 1 - Sudeste
3519253,126,Iaras,URAE 1 - Sudeste
3519303,35,Ibaté,URAE 2 - Centro
3519402,127,Ibirá,URAE 1 - Sudeste
3519501,36,Ibirarema,URAE 2 - Centro
3519600,37,Ibitinga,URAE 2 - Centro
3519709,128,Ibiúna,URAE 1 - Sudeste
3519808,129,Icém,URAE 1 - Sudeste
3519907,38,Iepê,URAE 2 - Centro
3520004,39,Igaraçu do Tietê,URAE 2 - Centro
3520103,130,Igarapava,URAE 1 - Sudeste
3520202,131,Igaratá,URAE 1 - Sudeste
3520301,132,Iguape,URAE 1 - Sudeste
3520426,134,Ilha Comprida,URAE 1 - Sudeste
3520442,50,Ilha Solteira,URAE 4 - Norte
3520400,133,Ilhabela,URAE 1 - Sudeste
3520509,15,Indaiatuba,URAE 3 - Leste
3520608,40,Indiana,URAE 2 - Centro
3520707,135,Indiaporã,URAE 1 - Sudeste
3520806,136,Inúbia Paulista,URAE 1 - Sudeste
3520905,41,Ipaussu,URAE 2 - Centro
3521002,137,Iperó,URAE 1 - Sudeste
3521101,42,Ipeúna,URAE 2 - Centro
3521150,51,Ipiguá,URAE 4 - Norte
3521200,138,Iporanga,URAE 1 - Sudeste
3521309,52,Ipuã,URAE 4 - Norte
3521408,43,Iracemápolis,URAE 2 - Centro
3521507,139,Irapuã,URAE 1 - Sudeste
3521606,44,Irapuru,URAE 2 - Centro
3521705,140,Itaberá,URAE 1 - Sudeste
3521804,141,Itaí,URAE 1 - Sudeste
3521903,53,Itajobi,URAE 4 - Norte
3522000,45,Itaju,URAE 2 - Centro
3522109,142,Itanhaém,URAE 1 - Sudeste
3522158,143,Itaoca,URAE 1 - Sudeste
3522208,144,Itapecerica da Serra,URAE 1 - Sudeste
3522307,145,Itapetininga,URAE 1 - Sudeste
3522406,146,Itapeva,URAE 1 - Sudeste
3522505,147,Itapevi,URAE 1 - Sudeste
3522604,54,Itapira,URAE 4 - Norte
3522653,148,Itapirapuã Paulista,URAE 1 - Sudeste
3522703,55,Itápolis,URAE 4 - Norte
3522802,149,Itaporanga,URAE 1 - Sudeste
3522901,46,Itapuí,URAE 2 - Centro
3523008,56,Itapura,URAE 4 - Norte
3523107,150,Itaquaquecetuba,URAE 1 - Sudeste
3523206,151,Itararé,URAE 1 - Sudeste
3523305,152,Itariri,URAE 1 - Sudeste
3523404,153,Itatiba,URAE 1 - Sudeste
3523503,154,Itatinga,URAE 1 - Sudeste
3523602,47,Itirapina,URAE 2 - Centro
3523701,155,Itirapuã,URAE 1 - Sudeste
3523800,156,Itobi,URAE 1 - Sudeste
3523909,48,Itu,URAE 2 - Centro
3524006,157,Itupeva,URAE 1 - Sudeste
3524105,57,Ituverava,URAE 4 - Norte
3524204,158,Jaborandi,URAE 1 - Sudeste
3524303,58,Jaboticabal,URAE 4 - Norte
3524402,16,Jacareí,URAE 3 - Leste
3524501,59,Jaci,URAE 4 - Norte
3524600,159,Jacupiranga,URAE 1 - Sudeste
3524709,17,Jaguariúna,URAE 3 - Leste
3524808,160,Jales,URAE 1 - Sudeste
3524907,161,Jambeiro,URAE 1 - Sudeste
3525003,162,Jandira,URAE 1 - Sudeste
3525102,60,Jardinópolis,URAE 4 - Norte
3525201,163,Jarinu,URAE 1 - Sudeste
3525300,49,Jaú,URAE 2 - Centro
3525409,164,Jeriquara,URAE 1 - Sudeste
3525508,165,Joanópolis,URAE 1 - Sudeste
3525607,50,João Ramalho,URAE 2 - Centro
3525706,61,José Bonifácio,URAE 4 - Norte
3525805,51,Júlio Mesquita,URAE 2 - Centro
3525854,52,Jumirim,URAE 2 - Centro
3525904,18,Jundiaí,URAE 3 - Leste
3526001,53,Junqueirópolis,URAE 2 - Centro
3526100,166,Juquiá,URAE 1 - Sudeste
3526209,167,Juquitiba,URAE 1 - Sudeste
3526308,168,Lagoinha,URAE 1 - Sudeste
3526407,169,Laranjal Paulista,URAE 1 - Sudeste
3526506,62,Lavínia,URAE 4 - Norte
3526605,170,Lavrinhas,URAE 1 - Sudeste
3526704,54,Leme,URAE 2 - Centro
3526803,55,Lençóis Paulista,URAE 2 - Centro
3526902,56,Limeira,URAE 2 - Centro
3527009,63,Lindóia,URAE 4 - Norte
3527108,171,Lins,URAE 1 - Sudeste
3527207,172,Lorena,URAE 1 - Sudeste
3527256,173,Lourdes,URAE 1 - Sudeste
3527306,19,Louveira,URAE 3 - Leste
3527405,174,Lucélia,URAE 1 - Sudeste
3527504,175,Lucianópolis,URAE 1 - Sudeste
3527603,64,Luís Antônio,URAE 4 - Norte
3527702,176,Luiziânia,URAE 1 - Sudeste
3527801,177,Lupércio,URAE 1 - Sudeste
3527900,178,Lutécia,URAE 1 - Sudeste
3528007,57,Macatuba,URAE 2 - Centro
3528106,65,Macaubal,URAE 4 - Norte
3528205,179,Macedônia,URAE 1 - Sudeste
3528304,180,Magda,URAE 1 - Sudeste
3528403,58,Mairinque,URAE 2 - Centro
3528502,181,Mairiporã,URAE 1 - Sudeste
3528601,59,Manduri,URAE 2 - Centro
3528700,182,Marabá Paulista,URAE 1 - Sudeste
3528809,183,Maracaí,URAE 1 - Sudeste
3528858,66,Marapoama,URAE 4 - Norte
3528908,184,Mariápolis,URAE 1 - Sudeste
3529005,60,Marília,URAE 2 - Centro
3529104,185,Marinópolis,URAE 1 - Sudeste
3529203,61,Martinópolis,URAE 2 - Centro
3529302,67,Matão,URAE 4 - Norte
3529401,186,Mauá ,URAE 1 - Sudeste
3529500,68,Mendonça,URAE 4 - Norte
3529609,187,Meridiano,URAE 1 - Sudeste
3529658,188,Mesópolis,URAE 1 - Sudeste
3529708,189,Miguelópolis,URAE 1 - Sudeste
3529807,62,Mineiros do Tietê,URAE 2 - Centro
3530003,191,Mira Estrela,URAE 1 - Sudeste
3529906,190,Miracatu,URAE 1 - Sudeste
3530102,69,Mirandópolis,URAE 4 - Norte
3530201,192,Mirante do Paranapanema,URAE 1 - Sudeste
3530300,70,Mirassol,URAE 4 - Norte
3530409,71,Mirassolândia,URAE 4 - Norte
3530508,193,Mococa,URAE 1 - Sudeste
3530607,20,Mogi das Cruzes,URAE 3 - Leste
3530706,72,Mogi Guaçu,URAE 4 - Norte
3530805,73,Mogi Mirim,URAE 4 - Norte
3530904,194,Mombuca,URAE 1 - Sudeste
3531001,195,Monções,URAE 1 - Sudeste
3531100,196,Mongaguá,URAE 1 - Sudeste
3531209,21,Monte Alegre do Sul,URAE 3 - Leste
3531308,197,Monte Alto,URAE 1 - Sudeste
3531407,198,Monte Aprazível,URAE 1 - Sudeste
3531506,74,Monte Azul Paulista,URAE 4 - Norte
3531605,63,Monte Castelo,URAE 2 - Centro
3531803,200,Monte Mor,URAE 1 - Sudeste
3531704,199,Monteiro Lobato,URAE 1 - Sudeste
3531902,75,Morro Agudo,URAE 4 - Norte
3532009,201,Morungaba,URAE 1 - Sudeste
3532058,76,Motuca,URAE 4 - Norte
3532108,77,Murutinga do Sul,URAE 4 - Norte
3532157,64,Nantes,URAE 2 - Centro
3532207,202,Narandiba,URAE 1 - Sudeste
3532306,22,Natividade da Serra,URAE 3 - Leste
3532405,203,Nazaré Paulista,URAE 1 - Sudeste
3532504,78,Neves Paulista,URAE 4 - Norte
3532603,204,Nhandeara,URAE 1 - Sudeste
3532702,205,Nipoã,URAE 1 - Sudeste
3532801,79,Nova Aliança,URAE 4 - Norte
3532827,206,Nova Campina,URAE 1 - Sudeste
3532843,207,Nova Canaã Paulista,URAE 1 - Sudeste
3532868,80,Nova Castilho,URAE 4 - Norte
3532900,65,Nova Europa,URAE 2 - Centro
3533007,208,Nova Granada,URAE 1 - Sudeste
3533106,66,Nova Guataporanga,URAE 2 - Centro
3533205,67,Nova Independência,URAE 2 - Centro
3533304,209,Nova Luzitânia,URAE 1 - Sudeste
3533403,23,Nova Odessa,URAE 3 - Leste
3533254,81,Novais,URAE 4 - Norte
3533502,210,Novo Horizonte,URAE 1 - Sudeste
3533601,82,Nuporanga,URAE 4 - Norte
3533700,68,Ocauçu,URAE 2 - Centro
3533809,211,Óleo,URAE 1 - Sudeste
3533908,83,Olímpia,URAE 4 - Norte
3534005,212,Onda Verde,URAE 1 - Sudeste
3534104,213,Oriente,URAE 1 - Sudeste
3534203,214,Orindiúva,URAE 1 - Sudeste
3534302,84,Orlândia,URAE 4 - Norte
3534401,215,Osasco,URAE 1 - Sudeste
3534500,216,Oscar Bressane,URAE 1 - Sudeste
3534609,217,Osvaldo Cruz,URAE 1 - Sudeste
3534708,69,Ourinhos,URAE 2 - Centro
3534807,70,Ouro Verde,URAE 2 - Centro
3534757,218,Ouroeste,URAE 1 - Sudeste
3534906,71,Pacaembu,URAE 2 - Centro
3535002,85,Palestina,URAE 4 - Norte
3535101,219,Palmares Paulista,URAE 1 - Sudeste
3535200,220,Palmeira d’Oeste,URAE 1 - Sudeste
3535309,72,Palmital,URAE 2 - Centro
3535408,73,Panorama,URAE 2 - Centro
3535507,221,Paraguaçu Paulista,URAE 1 - Sudeste
3535606,24,Paraibuna,URAE 3 - Leste
3535705,86,Paraíso,URAE 4 - Norte
3535804,222,Paranapanema,URAE 1 - Sudeste
3535903,223,Paranapuã,URAE 1 - Sudeste
3536000,224,Parapuã,URAE 1 - Sudeste
3536109,225,Pardinho,URAE 1 - Sudeste
3536208,226,Pariquera-Açu,URAE 1 - Sudeste
3536257,87,Parisi,URAE 4 - Norte
3536307,88,Patrocínio Paulista,URAE 4 - Norte
3536406,74,Paulicéia,URAE 2 - Centro
3536505,227,Paulínia,URAE 1 - Sudeste
3536570,228,Paulistânia,URAE 1 - Sudeste
3536604,229,Paulo de Faria,URAE 1 - Sudeste
3536703,230,Pederneiras,URAE 1 - Sudeste
3536802,231,Pedra Bela,URAE 1 - Sudeste
3536901,232,Pedranópolis,URAE 1 - Sudeste
3537008,233,Pedregulho,URAE 1 - Sudeste
3537107,25,Pedreira,URAE 3 - Leste
3537156,234,Pedrinhas Paulista,URAE 1 - Sudeste
3537206,235,Pedro de Toledo,URAE 1 - Sudeste
3537305,89,Penápolis,URAE 4 - Norte
3537404,90,Pereira Barreto,URAE 4 - Norte
3537503,236,Pereiras,URAE 1 - Sudeste
3537602,237,Peruíbe,URAE 1 - Sudeste
3537701,238,Piacatu,URAE 1 - Sudeste
3537800,239,Piedade,URAE 1 - Sudeste
3537909,240,Pilar do Sul,URAE 1 - Sudeste
3538006,241,Pindamonhangaba,URAE 1 - Sudeste
3538105,91,Pindorama,URAE 4 - Norte
3538204,242,Pinhalzinho,URAE 1 - Sudeste
3538303,243,Piquerobi,URAE 1 - Sudeste
3538501,26,Piquete,URAE 3 - Leste
3538600,244,Piracaia,URAE 1 - Sudeste
3538709,75,Piracicaba,URAE 2 - Centro
3538808,245,Piraju,URAE 1 - Sudeste
3538907,92,Pirajuí,URAE 4 - Norte
3539004,93,Pirangi,URAE 4 - Norte
3539103,246,Pirapora do Bom Jesus,URAE 1 - Sudeste
3539202,247,Pirapozinho,URAE 1 - Sudeste
3539301,94,Pirassununga,URAE 4 - Norte
3539400,248,Piratininga,URAE 1 - Sudeste
3539509,95,Pitangueiras,URAE 4 - Norte
3539608,249,Planalto,URAE 1 - Sudeste
3539707,250,Platina,URAE 1 - Sudeste
3539806,251,Poá,URAE 1 - Sudeste
3539905,252,Poloni,URAE 1 - Sudeste
3540002,76,Pompéia,URAE 2 - Centro
3540101,253,Pongaí,URAE 1 - Sudeste
3540200,96,Pontal,URAE 4 - Norte
3540259,254,Pontalinda,URAE 1 - Sudeste
3540309,255,Pontes Gestal,URAE 1 - Sudeste
3540408,256,Populina,URAE 1 - Sudeste
3540507,257,Porangaba,URAE 1 - Sudeste
3540606,77,Porto Feliz,URAE 2 - Centro
3540705,97,Porto Ferreira,URAE 4 - Norte
3540754,27,Potim,URAE 3 - Leste
3540804,98,Potirendaba,URAE 4 - Norte
3540853,258,Pracinha,URAE 1 - Sudeste
3540903,99,Pradópolis,URAE 4 - Norte
3541000,259,Praia Grande,URAE 1 - Sudeste
3541059,260,Pratânia,URAE 1 - Sudeste
3541109,261,Presidente Alves,URAE 1 - Sudeste
3541208,262,Presidente Bernardes,URAE 1 - Sudeste
3541307,263,Presidente Epitácio,URAE 1 - Sudeste
3541406,264,Presidente Prudente,URAE 1 - Sudeste
3541505,78,Presidente Venceslau,URAE 2 - Centro
3541604,100,Promissão,URAE 4 - Norte
3541653,265,Quadra,URAE 1 - Sudeste
3541703,266,Quatá,URAE 1 - Sudeste
3541802,267,Queiroz,URAE 1 - Sudeste
3541901,268,Queluz,URAE 1 - Sudeste
3542008,269,Quintana,URAE 1 - Sudeste
3542107,79,Rafard,URAE 2 - Centro
3542206,80,Rancharia,URAE 2 - Centro
3542305,270,Redenção da Serra,URAE 1 - Sudeste
3542404,271,Regente Feijó,URAE 1 - Sudeste
3542503,101,Reginópolis,URAE 4 - Norte
3542602,272,Registro,URAE 1 - Sudeste
3542701,273,Restinga,URAE 1 - Sudeste
3542800,274,Ribeira,URAE 1 - Sudeste
3542909,81,Ribeirão Bonito,URAE 2 - Centro
3543006,275,Ribeirão Branco,URAE 1 - Sudeste
3543105,276,Ribeirão Corrente,URAE 1 - Sudeste
3543204,277,Ribeirão do Sul,URAE 1 - Sudeste
3543238,278,Ribeirão dos Índios,URAE 1 - Sudeste
3543253,279,Ribeirão Grande,URAE 1 - Sudeste
3543303,280,Ribeirão Pires,URAE 1 - Sudeste
3543402,102,Ribeirão Preto,URAE 4 - Norte
3543600,282,Rifaina,URAE 1 - Sudeste
3543709,103,Rincão,URAE 4 - Norte
3543808,82,Rinópolis,URAE 2 - Centro
3543907,83,Rio Claro,URAE 2 - Centro
3544004,84,Rio das Pedras,URAE 2 - Centro
3544103,283,Rio Grande da Serra,URAE 1 - Sudeste
3544202,284,Riolândia,URAE 1 - Sudeste
3543501,281,Riversul,URAE 1 - Sudeste
3544251,285,Rosana,URAE 1 - Sudeste
3544301,286,Roseira,URAE 1 - Sudeste
3544400,287,Rubiácea,URAE 1 - Sudeste
3544509,288,Rubinéia,URAE 1 - Sudeste
3544608,104,Sabino,URAE 4 - Norte
3544707,289,Sagres,URAE 1 - Sudeste
3544806,105,Sales,URAE 4 - Norte
3544905,106,Sales Oliveira,URAE 4 - Norte
3545001,290,Salesópolis,URAE 1 - Sudeste
3545100,291,Salmourão,URAE 1 - Sudeste
3545159,292,Saltinho,URAE 1 - Sudeste
3545209,85,Salto,URAE 2 - Centro
3545308,293,Salto de Pirapora,URAE 1 - Sudeste
3545407,86,Salto Grande,URAE 2 - Centro
3545506,294,Sandovalina,URAE 1 - Sudeste
3545605,107,Santa Adélia,URAE 4 - Norte
3545704,295,Santa Albertina,URAE 1 - Sudeste
3545803,28,Santa Bárbara d'Oeste,URAE 3 - Leste
3546009,296,Santa Branca,URAE 1 - Sudeste
3546108,297,Santa Clara d’Oeste,URAE 1 - Sudeste
3546207,108,Santa Cruz da Conceição,URAE 4 - Norte
3546256,298,Santa Cruz da Esperança,URAE 1 - Sudeste
3546306,109,Santa Cruz das Palmeiras,URAE 4 - Norte
3546405,299,Santa Cruz do Rio Pardo,URAE 1 - Sudeste
3546504,300,Santa Ernestina,URAE 1 - Sudeste
3546603,110,Santa Fé do Sul,URAE 4 - Norte
3546702,87,Santa Gertrudes,URAE 2 - Centro
3546801,301,Santa Isabel,URAE 1 - Sudeste
3546900,111,Santa Lúcia,URAE 4 - Norte
3547007,302,Santa Maria da Serra *,URAE 1 - Sudeste
3547106,303,Santa Mercedes,URAE 1 - Sudeste
3547403,113,Santa Rita d'Oeste,URAE 4 - Norte
3547502,112,Santa Rita do Passa Quatro,URAE 4 - Norte
3547601,306,Santa Rosa de Viterbo,URAE 1 - Sudeste
3547650,307,Santa Salete,URAE 1 - Sudeste
3547205,304,Santana da Ponte Pensa,URAE 1 - Sudeste
3547304,305,Santana de Parnaíba,URAE 1 - Sudeste
3547700,308,Santo Anastácio,URAE 1 - Sudeste
3547809,309,Santo André,URAE 1 - Sudeste
3547908,114,Santo Antônio da Alegria,URAE 4 - Norte
3548005,29,Santo Antônio de Posse,URAE 3 - Leste
3548054,115,Santo Antônio do Aracanguá,URAE 4 - Norte
3548104,310,Santo Antônio do Jardim,URAE 1 - Sudeste
3548203,311,Santo Antônio do Pinhal,URAE 1 - Sudeste
3548302,312,Santo Expedito,URAE 1 - Sudeste
3548401,313,Santópolis do Aguapeí,URAE 1 - Sudeste
3548500,314,Santos,URAE 1 - Sudeste
3548609,315,São Bento do Sapucaí,URAE 1 - Sudeste
3548708,316,São Bernardo do Campo,URAE 1 - Sudeste
3548807,30,São Caetano do Sul,URAE 3 - Leste
3548906,88,São Carlos,URAE 2 - Centro
3549003,317,São Francisco,URAE 1 - Sudeste
3549102,318,São João da Boa Vista,URAE 1 - Sudeste
3549201,319,São João das Duas Pontes,URAE 1 - Sudeste
3549250,116,São João de Iracema,URAE 4 - Norte
3549300,89,São João do Pau d'Alho,URAE 2 - Centro
3549409,117,São Joaquim da Barra,URAE 4 - Norte
3549508,118,São José da Bela Vista,URAE 4 - Norte
3549607,31,São José do Barreiro,URAE 3 - Leste
3549706,119,São José do Rio Pardo,URAE 4 - Norte
3549805,120,São José do Rio Preto,URAE 4 - Norte
3549904,320,São José dos Campos,URAE 1 - Sudeste
3549953,321,São Lourenço da Serra,URAE 1 - Sudeste
3550001,322,São Luiz do Paraitinga,URAE 1 - Sudeste
3550100,323,São Manuel,URAE 1 - Sudeste
3550209,324,São Miguel Arcanjo,URAE 1 - Sudeste
3550308,325,São Paulo,URAE 1 - Sudeste
3550407,90,São Pedro,URAE 2 - Centro
3550506,91,São Pedro do Turvo,URAE 2 - Centro
3550605,326,São Roque,URAE 1 - Sudeste
3550704,327,São Sebastião,URAE 1 - Sudeste
3550803,121,São Sebastião da Grama,URAE 4 - Norte
3550902,122,São Simão,URAE 4 - Norte
3551009,328,São Vicente,URAE 1 - Sudeste
3551108,329,Sarapuí,URAE 1 - Sudeste
3551207,330,Sarutaiá,URAE 1 - Sudeste
3551306,331,Sebastianópolis do Sul,URAE 1 - Sudeste
3551405,332,Serra Azul,URAE 1 - Sudeste
3551603,333,Serra Negra,URAE 1 - Sudeste
3551504,123,Serrana,URAE 4 - Norte
3551702,124,Sertãozinho,URAE 4 - Norte
3551801,334,Sete Barras,URAE 1 - Sudeste
3551900,125,Severínia,URAE 4 - Norte
3552007,335,Silveiras,URAE 1 - Sudeste
3552106,126,Socorro,URAE 4 - Norte
3552205,92,Sorocaba,URAE 2 - Centro
3552304,336,Sud Mennucci,URAE 1 - Sudeste
3552403,32,Sumaré,URAE 3 - Leste
3552551,127,Suzanápolis,URAE 4 - Norte
3552502,337,Suzano,URAE 1 - Sudeste
3552601,128,Tabapuã,URAE 4 - Norte
3552700,93,Tabatinga,URAE 2 - Centro
3552809,338,Taboão da Serra,URAE 1 - Sudeste
3552908,339,Taciba,URAE 1 - Sudeste
3553005,340,Taguaí,URAE 1 - Sudeste
3553104,129,Taiaçu,URAE 4 - Norte
3553203,130,Taiúva,URAE 4 - Norte
3553302,131,Tambaú,URAE 4 - Norte
3553401,132,Tanabi,URAE 4 - Norte
3553500,341,Tapiraí,URAE 1 - Sudeste
3553609,342,Tapiratiba,URAE 1 - Sudeste
3553658,133,Taquaral,URAE 4 - Norte
3553708,134,Taquaritinga,URAE 4 - Norte
3553807,343,Taquarituba,URAE 1 - Sudeste
3553856,344,Taquarivaí,URAE 1 - Sudeste
3553906,345,Tarabaí,URAE 1 - Sudeste
3553955,346,Tarumã,URAE 1 - Sudeste
3554003,347,Tatuí,URAE 1 - Sudeste
3554102,348,Taubaté,URAE 1 - Sudeste
3554201,349,Tejupá,URAE 1 - Sudeste
3554300,350,Teodoro Sampaio,URAE 1 - Sudeste
3554409,351,Terra Roxa,URAE 1 - Sudeste
3554508,94,Tietê,URAE 2 - Centro
3554607,352,Timburi,URAE 1 - Sudeste
3554656,353,Torre de Pedra,URAE 1 - Sudeste
3554706,354,Torrinha,URAE 1 - Sudeste
3554755,95,Trabiju,URAE 2 - Centro
3554805,355,Tremembé,URAE 1 - Sudeste
3554904,356,Três Fronteiras,URAE 1 - Sudeste
3554953,33,Tuiuti,URAE 3 - Leste
3555000,357,Tupã,URAE 1 - Sudeste
3555109,96,Tupi Paulista,URAE 2 - Centro
3555208,358,Turiúba,URAE 1 - Sudeste
3555307,359,Turmalina,URAE 1 - Sudeste
3555356,135,Ubarana,URAE 4 - Norte
3555406,360,Ubatuba,URAE 1 - Sudeste
3555505,361,Ubirajara,URAE 1 - Sudeste
3555604,136,Uchoa,URAE 4 - Norte
3555703,362,União Paulista,URAE 1 - Sudeste
3555802,363,Urânia,URAE 1 - Sudeste
3555901,364,Uru,URAE 1 - Sudeste
3556008,137,Urupês,URAE 4 - Norte
3556107,365,Valentim Gentil,URAE 1 - Sudeste
3556206,34,Valinhos,URAE 3 - Leste
3556305,138,Valparaíso,URAE 4 - Norte
3556354,366,Vargem,URAE 1 - Sudeste
3556404,139,Vargem Grande do Sul,URAE 4 - Norte
3556453,367,Vargem Grande Paulista,URAE 1 - Sudeste
3556503,368,Várzea Paulista,URAE 1 - Sudeste
3556602,97,Vera Cruz,URAE 2 - Centro
3556701,35,Vinhedo,URAE 3 - Leste
3556800,140,Viradouro,URAE 4 - Norte
3556909,141,Vista Alegre do Alto,URAE 4 - Norte
3556958,369,Vitória Brasil,URAE 1 - Sudeste
3557006,98,Votorantim,URAE 2 - Centro
3557105,142,Votuporanga,URAE 4 - Norte
3557154,370,Zacarias,URAE 1 - Sudeste
